Station,Connected Station
PASIR RIS MRT STATION,TAMPINES MRT STATION
TAMPINES MRT STATION,PASIR RIS MRT STATION
TAMPINES MRT STATION,SIMEI MRT STATION
SIMEI MRT STATION,TAMPINES MRT STATION
SIMEI MRT STATION,TANAH MERAH MRT STATION
TANAH MERAH MRT STATION,SIMEI MRT STATION
TANAH MERAH MRT STATION,BEDOK MRT STATION
TANAH MERAH MRT STATION,EXPO MRT STATION
BEDOK MRT STATION,TANAH MERAH MRT STATION
BEDOK MRT STATION,KEMBANGAN MRT STATION
KEMBANGAN MRT STATION,BEDOK MRT STATION
KEMBANGAN MRT STATION,EUNOS MRT STATION
EUNOS MRT STATION,KEMBANGAN MRT STATION
EUNOS MRT STATION,PAYA LEBAR MRT STATION
PAYA LEBAR MRT STATION,EUNOS MRT STATION
PAYA LEBAR MRT STATION,ALJUNIED MRT STATION
ALJUNIED MRT STATION,PAYA LEBAR MRT STATION
ALJUNIED MRT STATION,KALLANG MRT STATION
KALLANG MRT STATION,ALJUNIED MRT STATION
KALLANG MRT STATION,LAVENDER MRT STATION
LAVENDER MRT STATION,KALLANG MRT STATION
LAVENDER MRT STATION,BUGIS MRT STATION
BUGIS MRT STATION,LAVENDER MRT STATION
BUGIS MRT STATION,CITY HALL MRT STATION
CITY HALL MRT STATION,BUGIS MRT STATION
CITY HALL MRT STATION,RAFFLES PLACE MRT STATION
RAFFLES PLACE MRT STATION,CITY HALL MRT STATION
RAFFLES PLACE MRT STATION,TANJONG PAGAR MRT STATION
TANJONG PAGAR MRT STATION,RAFFLES PLACE MRT STATION
TANJONG PAGAR MRT STATION,OUTRAM PARK MRT STATION
OUTRAM PARK MRT STATION,TANJONG PAGAR MRT STATION
OUTRAM PARK MRT STATION,TIONG BAHRU MRT STATION
TIONG BAHRU MRT STATION,OUTRAM PARK MRT STATION
TIONG BAHRU MRT STATION,REDHILL MRT STATION
REDHILL MRT STATION,TIONG BAHRU MRT STATION
REDHILL MRT STATION,QUEENSTOWN MRT STATION
QUEENSTOWN MRT STATION,REDHILL MRT STATION
QUEENSTOWN MRT STATION,COMMONWEALTH MRT STATION
COMMONWEALTH MRT STATION,QUEENSTOWN MRT STATION
COMMONWEALTH MRT STATION,BUONA VISTA MRT STATION
BUONA VISTA MRT STATION,COMMONWEALTH MRT STATION
BUONA VISTA MRT STATION,DOVER MRT STATION
DOVER MRT STATION,BUONA VISTA MRT STATION
DOVER MRT STATION,CLEMENTI MRT STATION
CLEMENTI MRT STATION,DOVER MRT STATION
CLEMENTI MRT STATION,JURONG EAST MRT STATION
JURONG EAST MRT STATION,CLEMENTI MRT STATION
JURONG EAST MRT STATION,CHINESE GARDEN MRT STATION
CHINESE GARDEN MRT STATION,JURONG EAST MRT STATION
CHINESE GARDEN MRT STATION,LAKESIDE MRT STATION
LAKESIDE MRT STATION,CHINESE GARDEN MRT STATION
LAKESIDE MRT STATION,BOON LAY MRT STATION
BOON LAY MRT STATION,LAKESIDE MRT STATION
BOON LAY MRT STATION,PIONEER MRT STATION
PIONEER MRT STATION,BOON LAY MRT STATION
PIONEER MRT STATION,JOO KOON MRT STATION
JOO KOON MRT STATION,PIONEER MRT STATION
JOO KOON MRT STATION,GUL CIRCLE MRT STATION
GUL CIRCLE MRT STATION,JOO KOON MRT STATION
GUL CIRCLE MRT STATION,TUAS CRESCENT MRT STATION
TUAS CRESCENT MRT STATION,GUL CIRCLE MRT STATION
TUAS CRESCENT MRT STATION,TUAS WEST ROAD MRT STATION
TUAS WEST ROAD MRT STATION,TUAS CRESCENT MRT STATION
TUAS WEST ROAD MRT STATION,TUAS LINK MRT STATION
TUAS LINK MRT STATION,TUAS WEST ROAD MRT STATION
JURONG EAST MRT STATION,BUKIT BATOK MRT STATION
BUKIT BATOK MRT STATION,JURONG EAST MRT STATION
BUKIT BATOK MRT STATION,BUKIT GOMBAK MRT STATION
BUKIT GOMBAK MRT STATION,BUKIT BATOK MRT STATION
BUKIT GOMBAK MRT STATION,CHOA CHU KANG MRT STATION
CHOA CHU KANG MRT STATION,BUKIT GOMBAK MRT STATION
CHOA CHU KANG MRT STATION,YEW TEE MRT STATION
YEW TEE MRT STATION,CHOA CHU KANG MRT STATION
YEW TEE MRT STATION,KRANJI MRT STATION
KRANJI MRT STATION,YEW TEE MRT STATION
KRANJI MRT STATION,MARSILING MRT STATION
MARSILING MRT STATION,KRANJI MRT STATION
MARSILING MRT STATION,WOODLANDS MRT STATION
WOODLANDS MRT STATION,MARSILING MRT STATION
WOODLANDS MRT STATION,ADMIRALTY MRT STATION
ADMIRALTY MRT STATION,WOODLANDS MRT STATION
ADMIRALTY MRT STATION,SEMBAWANG MRT STATION
SEMBAWANG MRT STATION,ADMIRALTY MRT STATION
SEMBAWANG MRT STATION,CANBERRA MRT STATION
CANBERRA MRT STATION,SEMBAWANG MRT STATION
CANBERRA MRT STATION,YISHUN MRT STATION
YISHUN MRT STATION,CANBERRA MRT STATION
YISHUN MRT STATION,KHATIB MRT STATION
KHATIB MRT STATION,YISHUN MRT STATION
KHATIB MRT STATION,YIO CHU KANG MRT STATION
YIO CHU KANG MRT STATION,KHATIB MRT STATION
YIO CHU KANG MRT STATION,ANG MO KIO MRT STATION
ANG MO KIO MRT STATION,YIO CHU KANG MRT STATION
ANG MO KIO MRT STATION,BISHAN MRT STATION
BISHAN MRT STATION,ANG MO KIO MRT STATION
BISHAN MRT STATION,BRADDELL MRT STATION
BRADDELL MRT STATION,BISHAN MRT STATION
BRADDELL MRT STATION,TOA PAYOH MRT STATION
TOA PAYOH MRT STATION,BRADDELL MRT STATION
TOA PAYOH MRT STATION,NOVENA MRT STATION
NOVENA MRT STATION,TOA PAYOH MRT STATION
NOVENA MRT STATION,ORCHARD MRT STATION
ORCHARD MRT STATION,NOVENA MRT STATION
ORCHARD MRT STATION,SOMERSET MRT STATION
SOMERSET MRT STATION,ORCHARD MRT STATION
SOMERSET MRT STATION,DHOBY GHAUT MRT STATION
DHOBY GHAUT MRT STATION,SOMERSET MRT STATION
DHOBY GHAUT MRT STATION,CITY HALL MRT STATION
CITY HALL MRT STATION,DHOBY GHAUT MRT STATION
CITY HALL MRT STATION,RAFFLES PLACE MRT STATION
RAFFLES PLACE MRT STATION,CITY HALL MRT STATION
RAFFLES PLACE MRT STATION,MARINA BAY MRT STATION
MARINA BAY MRT STATION,RAFFLES PLACE MRT STATION
MARINA BAY MRT STATION,MARINA SOUTH PIER MRT STATION
MARINA SOUTH PIER MRT STATION,MARINA BAY MRT STATION
DHOBY GHAUT MRT STATION,BRAS BASAH MRT STATION
BRAS BASAH MRT STATION,DHOBY GHAUT MRT STATION
BRAS BASAH MRT STATION,ESPLANADE MRT STATION
ESPLANADE MRT STATION,BRAS BASAH MRT STATION
ESPLANADE MRT STATION,PROMENADE MRT STATION
PROMENADE MRT STATION,ESPLANADE MRT STATION
PROMENADE MRT STATION,NICOLL HIGHWAY MRT STATION
NICOLL HIGHWAY MRT STATION,PROMENADE MRT STATION
NICOLL HIGHWAY MRT STATION,STADIUM MRT STATION
STADIUM MRT STATION,NICOLL HIGHWAY MRT STATION
STADIUM MRT STATION,MOUNTBATTEN MRT STATION
MOUNTBATTEN MRT STATION,STADIUM MRT STATION
MOUNTBATTEN MRT STATION,DAKOTA MRT STATION
DAKOTA MRT STATION,MOUNTBATTEN MRT STATION
DAKOTA MRT STATION,PAYA LEBAR MRT STATION
PAYA LEBAR MRT STATION,DAKOTA MRT STATION
PAYA LEBAR MRT STATION,MACPHERSON MRT STATION
MACPHERSON MRT STATION,PAYA LEBAR MRT STATION
MACPHERSON MRT STATION,TAI SENG MRT STATION
TAI SENG MRT STATION,MACPHERSON MRT STATION
TAI SENG MRT STATION,BARTLEY MRT STATION
BARTLEY MRT STATION,TAI SENG MRT STATION
BARTLEY MRT STATION,SERANGOON MRT STATION
SERANGOON MRT STATION,BARTLEY MRT STATION
SERANGOON MRT STATION,LORONG CHUAN MRT STATION
LORONG CHUAN MRT STATION,SERANGOON MRT STATION
LORONG CHUAN MRT STATION,BISHAN MRT STATION
BISHAN MRT STATION,LORONG CHUAN MRT STATION
BISHAN MRT STATION,MARYMOUNT MRT STATION
MARYMOUNT MRT STATION,BISHAN MRT STATION
MARYMOUNT MRT STATION,CALDECOTT MRT STATION
CALDECOTT MRT STATION,MARYMOUNT MRT STATION
CALDECOTT MRT STATION,BOTANIC GARDENS MRT STATION
BOTANIC GARDENS MRT STATION,CALDECOTT MRT STATION
BOTANIC GARDENS MRT STATION,FARRER ROAD MRT STATION
FARRER ROAD MRT STATION,BOTANIC GARDENS MRT STATION
FARRER ROAD MRT STATION,HOLLAND VILLAGE MRT STATION
HOLLAND VILLAGE MRT STATION,FARRER ROAD MRT STATION
HOLLAND VILLAGE MRT STATION,BUONA VISTA MRT STATION
BUONA VISTA MRT STATION,HOLLAND VILLAGE MRT STATION
BUONA VISTA MRT STATION,ONE-NORTH MRT STATION
ONE-NORTH MRT STATION,BUONA VISTA MRT STATION
ONE-NORTH MRT STATION,KENT RIDGE MRT STATION
KENT RIDGE MRT STATION,ONE-NORTH MRT STATION
KENT RIDGE MRT STATION,HAW PAR VILLA MRT STATION
HAW PAR VILLA MRT STATION,KENT RIDGE MRT STATION
HAW PAR VILLA MRT STATION,PASIR PANJANG MRT STATION
PASIR PANJANG MRT STATION,HAW PAR VILLA MRT STATION
PASIR PANJANG MRT STATION,LABRADOR PARK MRT STATION
LABRADOR PARK MRT STATION,PASIR PANJANG MRT STATION
LABRADOR PARK MRT STATION,TELOK BLANGAH MRT STATION
TELOK BLANGAH MRT STATION,LABRADOR PARK MRT STATION
TELOK BLANGAH MRT STATION,HARBOURFRONT MRT STATION
HARBOURFRONT MRT STATION,TELOK BLANGAH MRT STATION
HARBOURFRONT MRT STATION,OUTRAM PARK MRT STATION
OUTRAM PARK MRT STATION,HARBOURFRONT MRT STATION
OUTRAM PARK MRT STATION,CHINATOWN MRT STATION
CHINATOWN MRT STATION,OUTRAM PARK MRT STATION
CHINATOWN MRT STATION,CLARKE QUAY MRT STATION
CLARKE QUAY MRT STATION,CHINATOWN MRT STATION
CLARKE QUAY MRT STATION,DHOBY GHAUT MRT STATION
DHOBY GHAUT MRT STATION,CLARKE QUAY MRT STATION
DHOBY GHAUT MRT STATION,LITTLE INDIA MRT STATION
LITTLE INDIA MRT STATION,DHOBY GHAUT MRT STATION
LITTLE INDIA MRT STATION,FARRER PARK MRT STATION
FARRER PARK MRT STATION,LITTLE INDIA MRT STATION
FARRER PARK MRT STATION,BOON KENG MRT STATION
BOON KENG MRT STATION,FARRER PARK MRT STATION
BOON KENG MRT STATION,POTONG PASIR MRT STATION
POTONG PASIR MRT STATION,BOON KENG MRT STATION
POTONG PASIR MRT STATION,WOODLEIGH MRT STATION
WOODLEIGH MRT STATION,POTONG PASIR MRT STATION
WOODLEIGH MRT STATION,SERANGOON MRT STATION
SERANGOON MRT STATION,WOODLEIGH MRT STATION
SERANGOON MRT STATION,KOVAN MRT STATION
KOVAN MRT STATION,SERANGOON MRT STATION
KOVAN MRT STATION,HOUGANG MRT STATION
HOUGANG MRT STATION,KOVAN MRT STATION
HOUGANG MRT STATION,BUANGKOK MRT STATION
BUANGKOK MRT STATION,HOUGANG MRT STATION
BUANGKOK MRT STATION,SENGKANG MRT STATION
SENGKANG MRT STATION,BUANGKOK MRT STATION
SENGKANG MRT STATION,PUNGGOL MRT STATION
PUNGGOL MRT STATION,SENGKANG MRT STATION
BUKIT PANJANG MRT STATION,CASHEW MRT STATION
CASHEW MRT STATION,BUKIT PANJANG MRT STATION
CASHEW MRT STATION,HILLVIEW MRT STATION
HILLVIEW MRT STATION,CASHEW MRT STATION
HILLVIEW MRT STATION,BEAUTY WORLD MRT STATION
BEAUTY WORLD MRT STATION,HILLVIEW MRT STATION
BEAUTY WORLD MRT STATION,KING ALBERT PARK MRT STATION
KING ALBERT PARK MRT STATION,BEAUTY WORLD MRT STATION
KING ALBERT PARK MRT STATION,SIXTH AVENUE MRT STATION
SIXTH AVENUE MRT STATION,KING ALBERT PARK MRT STATION
SIXTH AVENUE MRT STATION,TAN KAH KEE MRT STATION
TAN KAH KEE MRT STATION,SIXTH AVENUE MRT STATION
TAN KAH KEE MRT STATION,BOTANIC GARDENS MRT STATION
BOTANIC GARDENS MRT STATION,TAN KAH KEE MRT STATION
BOTANIC GARDENS MRT STATION,STEVENS MRT STATION
STEVENS MRT STATION,BOTANIC GARDENS MRT STATION
STEVENS MRT STATION,NEWTON MRT STATION
NEWTON MRT STATION,STEVENS MRT STATION
NEWTON MRT STATION,LITTLE INDIA MRT STATION
LITTLE INDIA MRT STATION,NEWTON MRT STATION
LITTLE INDIA MRT STATION,ROCHOR MRT STATION
ROCHOR MRT STATION,LITTLE INDIA MRT STATION
ROCHOR MRT STATION,BUGIS MRT STATION
BUGIS MRT STATION,ROCHOR MRT STATION
BUGIS MRT STATION,PROMENADE MRT STATION
PROMENADE MRT STATION,BUGIS MRT STATION
PROMENADE MRT STATION,BAYFRONT MRT STATION
BAYFRONT MRT STATION,PROMENADE MRT STATION
BAYFRONT MRT STATION,DOWNTOWN MRT STATION
BAYFRONT MRT STATION,MARINA BAY MRT STATION
DOWNTOWN MRT STATION,BAYFRONT MRT STATION
DOWNTOWN MRT STATION,TELOK AYER MRT STATION
TELOK AYER MRT STATION,DOWNTOWN MRT STATION
TELOK AYER MRT STATION,CHINATOWN MRT STATION
CHINATOWN MRT STATION,TELOK AYER MRT STATION
CHINATOWN MRT STATION,FORT CANNING MRT STATION
FORT CANNING MRT STATION,CHINATOWN MRT STATION
FORT CANNING MRT STATION,BENCOOLEN MRT STATION
BENCOOLEN MRT STATION,FORT CANNING MRT STATION
BENCOOLEN MRT STATION,JALAN BESAR MRT STATION
JALAN BESAR MRT STATION,BENCOOLEN MRT STATION
JALAN BESAR MRT STATION,BENDEMEER MRT STATION
BENDEMEER MRT STATION,JALAN BESAR MRT STATION
BENDEMEER MRT STATION,GEYLANG BAHRU MRT STATION
GEYLANG BAHRU MRT STATION,BENDEMEER MRT STATION
GEYLANG BAHRU MRT STATION,MATTAR MRT STATION
MATTAR MRT STATION,GEYLANG BAHRU MRT STATION
MATTAR MRT STATION,MACPHERSON MRT STATION
MACPHERSON MRT STATION,MATTAR MRT STATION
MACPHERSON MRT STATION,UBI MRT STATION
UBI MRT STATION,MACPHERSON MRT STATION
UBI MRT STATION,KAKI BUKIT MRT STATION
KAKI BUKIT MRT STATION,UBI MRT STATION
KAKI BUKIT MRT STATION,BEDOK NORTH MRT STATION
BEDOK NORTH MRT STATION,KAKI BUKIT MRT STATION
BEDOK NORTH MRT STATION,BEDOK RESERVOIR MRT STATION
BEDOK RESERVOIR MRT STATION,BEDOK NORTH MRT STATION
BEDOK RESERVOIR MRT STATION,TAMPINES WEST MRT STATION
TAMPINES WEST MRT STATION,BEDOK RESERVOIR MRT STATION
TAMPINES WEST MRT STATION,TAMPINES MRT STATION
TAMPINES MRT STATION,TAMPINES WEST MRT STATION
TAMPINES MRT STATION,TAMPINES EAST MRT STATION
TAMPINES EAST MRT STATION,TAMPINES MRT STATION
TAMPINES EAST MRT STATION,UPPER CHANGI MRT STATION
UPPER CHANGI MRT STATION,TAMPINES EAST MRT STATION
UPPER CHANGI MRT STATION,EXPO MRT STATION
EXPO MRT STATION,UPPER CHANGI MRT STATION
EXPO MRT STATION,TANAH MERAH MRT STATION
EXPO MRT STATION,CHANGI AIRPORT MRT STATION
CHANGI AIRPORT MRT STATION,EXPO MRT STATION
WOODLANDS NORTH MRT STATION,WOODLANDS MRT STATION
WOODLANDS MRT STATION,WOODLANDS NORTH MRT STATION
WOODLANDS MRT STATION,WOODLANDS SOUTH MRT STATION
WOODLANDS SOUTH MRT STATION,WOODLANDS MRT STATION
WOODLANDS SOUTH MRT STATION,SPRINGLEAF MRT STATION
SPRINGLEAF MRT STATION,WOODLANDS SOUTH MRT STATION
SPRINGLEAF MRT STATION,LENTOR MRT STATION
LENTOR MRT STATION,SPRINGLEAF MRT STATION
LENTOR MRT STATION,MAYFLOWER MRT STATION
MAYFLOWER MRT STATION,LENTOR MRT STATION
MAYFLOWER MRT STATION,BRIGHT HILL MRT STATION
BRIGHT HILL MRT STATION,MAYFLOWER MRT STATION
BRIGHT HILL MRT STATION,UPPER THOMSON MRT STATION
UPPER THOMSON MRT STATION,BRIGHT HILL MRT STATION
UPPER THOMSON MRT STATION,CALDECOTT MRT STATION
CALDECOTT MRT STATION,UPPER THOMSON MRT STATION
CALDECOTT MRT STATION,STEVENS MRT STATION
STEVENS MRT STATION,CALDECOTT MRT STATION
STEVENS MRT STATION,NAPIER MRT STATION
NAPIER MRT STATION,STEVENS MRT STATION
NAPIER MRT STATION,ORCHARD BOULEVARD MRT STATION
ORCHARD BOULEVARD MRT STATION,NAPIER MRT STATION
ORCHARD BOULEVARD MRT STATION,ORCHARD MRT STATION
ORCHARD MRT STATION,ORCHARD BOULEVARD MRT STATION
ORCHARD MRT STATION,GREAT WORLD MRT STATION
GREAT WORLD MRT STATION,ORCHARD MRT STATION
GREAT WORLD MRT STATION,HAVELOCK MRT STATION
HAVELOCK MRT STATION,GREAT WORLD MRT STATION
HAVELOCK MRT STATION,OUTRAM PARK MRT STATION
OUTRAM PARK MRT STATION,HAVELOCK MRT STATION
OUTRAM PARK MRT STATION,MAXWELL MRT STATION
MAXWELL MRT STATION,OUTRAM PARK MRT STATION
MAXWELL MRT STATION,SHENTON WAY MRT STATION
SHENTON WAY MRT STATION,MAXWELL MRT STATION
SHENTON WAY MRT STATION,MARINA BAY MRT STATION
MARINA BAY MRT STATION,SHENTON WAY MRT STATION
MARINA BAY MRT STATION,BAYFRONT MRT STATION
MARINA BAY MRT STATION,GARDENS BY THE BAY MRT STATION
GARDENS BY THE BAY MRT STATION,MARINA BAY MRT STATION
